bb_center,bb_max,bb_min,centroid,id,label,n_faces,n_vertices,
"0.063674
0.007235
-0.046379","0.602010
0.989709
0.119239","-0.474662
-0.975239
-0.211997","-0.009318
0.000097
-0.003098",61.off,Airplane,10796,5400,
"0.005249
0.068852
0.033782","0.811478
0.291557
0.998526","-0.800980
-0.153854
-0.930961","-0.000633
-0.001856
0.018176",62.off,Airplane,11234,5619,
"0.002535
0.076883
0.003679","0.999786
0.277948
0.852728","-0.994716
-0.124181
-0.845371","-0.000598
-0.000822
0.010927",63.off,Airplane,11034,5519,
"0.001747
0.080188
0.099469","0.771705
0.999999
0.344887","-0.768211
-0.839622
-0.145948","-0.000485
0.017265
-0.002493",64.off,Airplane,13590,6797,
"-0.152580
0.006009
0.032195","0.694503
0.868120
0.213338","-0.999663
-0.856102
-0.148949","-0.020094
-0.000170
-0.003294",65.off,Airplane,12892,6448,
"-0.155320
0.000093
0.057925","0.686182
0.738188
0.219370","-0.996823
-0.738003
-0.103520","-0.010715
-0.000217
-0.001185",66.off,Airplane,15474,7739,
